crate	version	chosen_spdx	license_filename
approx	0.5.1	Apache-2.0	approx-0.5.1.txt
bumpalo	3.20.3	MIT	bumpalo-3.20.3.txt
bytemuck	1.25.2	MIT	bytemuck-1.25.2.txt
byteorder-lite	0.1.0	MIT	byteorder-lite-0.1.0.txt
cfg-if	1.0.5	MIT	cfg-if-1.0.5.txt
fdsm	0.8.0	MIT	fdsm-0.8.0.txt
fdsm-ttf-parser	0.2.0	MIT	fdsm-ttf-parser-0.2.0.txt
futures-core	0.3.34	MIT	futures-core-0.3.34.txt
futures-task	0.3.34	MIT	futures-task-0.3.34.txt
futures-util	0.3.34	MIT	futures-util-0.3.34.txt
image	0.25.10	MIT	image-0.25.10.txt
js-sys	0.3.106	MIT	js-sys-0.3.106.txt
matrixmultiply	0.3.11	MIT	matrixmultiply-0.3.11.txt
moxcms	0.8.1	Apache-2.0	moxcms-0.8.1.txt
nalgebra	0.34.2	Apache-2.0	nalgebra-0.34.2.txt
nalgebra-macros	0.3.0	Apache-2.0	nalgebra-macros-0.3.0.txt
num-complex	0.4.6	MIT	num-complex-0.4.6.txt
num-integer	0.1.47	MIT	num-integer-0.1.47.txt
num-rational	0.4.2	MIT	num-rational-0.4.2.txt
num-traits	0.2.19	MIT	num-traits-0.2.19.txt
once_cell	1.21.4	MIT	once_cell-1.21.4.txt
paste	1.0.15	MIT	paste-1.0.15.txt
pin-project-lite	0.2.17	MIT	pin-project-lite-0.2.17.txt
proc-macro2	1.0.107	MIT	proc-macro2-1.0.107.txt
pxfm	0.1.30	Apache-2.0	pxfm-0.1.30.txt
quote	1.0.47	MIT	quote-1.0.47.txt
rawpointer	0.2.1	MIT	rawpointer-0.2.1.txt
safe_arch	0.7.4	MIT	safe_arch-0.7.4.txt
simba	0.9.1	Apache-2.0	simba-0.9.1.txt
slab	0.4.12	MIT	slab-0.4.12.txt
syn	2.0.119	MIT	syn-2.0.119.txt
syn	3.0.6	MIT	syn-3.0.6.txt
ttf-parser	0.25.1	MIT	ttf-parser-0.25.1.txt
typenum	1.20.1	MIT	typenum-1.20.1.txt
unicode-ident	1.0.26	MIT AND Unicode-3.0	unicode-ident-1.0.26.txt
wasm-bindgen	0.2.129	MIT	wasm-bindgen-0.2.129.txt
wasm-bindgen-macro	0.2.129	MIT	wasm-bindgen-macro-0.2.129.txt
wasm-bindgen-macro-support	0.2.129	MIT	wasm-bindgen-macro-support-0.2.129.txt
wasm-bindgen-shared	0.2.129	MIT	wasm-bindgen-shared-0.2.129.txt
wide	0.7.33	Zlib	wide-0.7.33.txt
